Brand,Variety,Style,Country,Stars
Nissin,Cup Noodles Chicken Vegetable,Cup,USA,2.25
Samyang Foods,Kimchi song Song Ramen,Pack,South Korea,4.75
Nongshim,Mr. Bibim Stir-Fried Kimchi Flavor,Pack,South Korea,4.25
Nissin,Deka Buto Kimchi Pork Flavor,Bowl,Japan,4.5
Nissin,Demae Ramen Bar Noodle Aka Tonkotsu Flavour Instant Noodle,Pack,Hong Kong,5
Paldo,Premium Gomtang,Pack,South Korea,4
Nissin,Cup Noodles Laksa Flavour,Cup,Hong Kong,4.25
Samyang Foods,Song Song Kimchi Big Bowl,Bowl,South Korea,4.25
Nissin,Hakata Ramen Noodle White Tonkotsu,Bowl,Japan,4.75
Samyang Foods,Paegaejang Ramen,Pack,South Korea,5
Nissin,Gekikara Ramen Extra Hot Ramen Goreng,Pack,Indonesia,4.5
Nissin,Cup Noodles Very Veggie Spicy Chicken Flavor Ramen Noodle Soup,Cup,USA,5
Nissin,Demae Iccho Tonkotsu Flavour Instant Noodle,Cup,Hong Kong,3.75
Nissin,Cup Noodles Very Veggie Beef Flavor Ramen Noodle Soup,Cup,USA,5
Nissin,Cup NoodlesTom Yam Seafood (More Shrimptacular),Cup,Singapore,5
Nissin,Cup Noodles Very Veggie Chicken Flavor Ramen Noodle Soup,Cup,USA,5
Nongshim,Shin Ramyun Black,Pack,South Korea,5
Nissin,Nippon Onomichi Ramen,Bowl,Japan,4.75
Ottogi,Ppushu Ppushu Noodle Snack Honey Butter ,Pack,South Korea,2
Maruchan,Gotsumori Chanpon Ramen,Bowl,Japan,4.5
Samyang Foods,Jjamppong Big Bowl,Bowl,South Korea,4.5
Nissin,Straits Reborn Laksa,Pack,Singapore,5
Nongshim,Budae Jjigae Noodle Soup,Pack,South Korea,4.5
Nissin,Cup Noodles Potato Chips Black Pepper Crab Flavour,Pack,Singapore,4.5
Nissin,Cup Noodles Blacl Pepper Crab Flavour (More Angry Crab),Cup,Singapore,5
Samyang Foods,Samyang Ramen Classic Edition,Bowl,South Korea,5
Samyang Foods,Mala Buldak Bokkeummyun,Pack,South Korea,3.75
Indomie,RMy Noodlez Rumput Laut,Pack,Indonesia,4
Nongshim,Shin Ramyun,Pack,South Korea,3
Indomie,Onion Chicken Flavor,Pack,Nigeria,1.5
Nissin,Demae Ramen Spicy Beef,Pack,Germany,3.75
Nissin,Cup Noodles Spicy,Cup,Germany,3.75
Nissin,Soba Thai,Pack,Germany,4.5
Nissin,Cup Noodles Huhn (Chicken),Cup,Germany,3.75
Nissin,Demae Ramen Korean Kimchi,Pack,Germany,3.5
Nissin,Cup Noodles Curry,Cup,Germany,3.75
Nissin,Smack Chili,Pack,Hungary,3.75
Nissin,Soba Yakitori Chicken,Cup,Germany,5
Nissin,Demae Ramen Garlic Chicken,Pack,Germany,3.5
Nissin,Cup Noodles Ente (Duck),Cup,Germany,3
Nissin,Demae Ramen Thai Tom Yum,Pack,Germany,3.75
Nissin,Soba Sukiyaki Beef,Cup,Germany,4.5
Nissin,Demae Ramen Spicy,Pack,Germany,3.5
Nissin,Cup Noodles Shrimps,Cup,Germany,3
Nissin,Demae Ramen Tokyo Soy Sauce,Pack,Germany,4
Paldo,Bul Jjamppong,Bowl,South Korea,5
Samyang Foods,Buldak Bokkeummyun,Cup,South Korea,3.75
Samyang Foods,Kimchi Stew Ramyun,Bowl,South Korea,4
Maruchan,Seimen Red Spicy Dandan Men,Bowl,Japan,4.75
Ottogi,Ppushu Ppushu Noodle Snack Chilli Cheese Flavor,Pack,South Korea,4.25
Nissin,Cup Noodles Mini Seafood Flavour,Cup,Hong Kong,5
Myojo,Udon Japanese Style Noodles With Soup Base Hot & Sour Flavor,Pack,USA,3.75
Paldo,Volcano Curry Kkokkomyun,Pack,South Korea,3.5
Nissin,Cup Noodles XO Sauce Seafood,Cup,China,3.75
Nissin,Gekikara Ramen Rasa Pedas,Pack,Indonesia,3.25
Nissin,Cup Noodles MUG Shoyu & Seafood,Pack,Japan,3.5
Nissin,Cup Noodles Sopa Nissin Hot Sauce Con Camaron,Cup,Mexico,3.5
Nissin,Raoh Nojyuku Toro Tonkotsu Ramen,Bowl,Japan,4.5
Nissin,Cup Noodles Indonesia Mie Goreng,Cup,Japan,3.75
Nissin,Seafood Flavour Rice Vermicelli,Cup,Hong Kong,5
Samyang Foods,Cheese Type Buldak Bokkeummyun (Black Pkg),Pack,South Korea,3.75
Nissin,Cup Noodles Sopa Nissin Con Camaron Picante,Cup,Mexico,3.25
Nissin,Cup Noodles Spicy Seafood Flavor,Cup,China,3.75
Myojo,Yomise No Yakisoba Karashi Mentaiko Flavor,Tray,Japan,4.5
Nissin,Kitsune Udon Donbei (West),Bowl,Japan,5
Nissin,Cup Noodles Beef Flavour,Cup,Hong Kong,2.5
Nissin,Cup Noodles Mini Spicy Seafood,Cup,Hong Kong,4
Nissin,Cup Noodles Tom Yam Seafood Flavour,Cup,Singapore,5
Indomie,My Noodles Mi Goreng Pizza Cheese,Pack,Indonesia,4
Samyang Foods,Cheese Buldak Bokkeummyun (Black),Bowl,South Korea,4
Nissin,Cup Noodles Prawn Flavour,Cup,Hong Kong,3.75
Ottogi,Jin Jjambbong Spicy Seafood Ramyun,Pack,South Korea,5
Nissin,Rice Vermicelli Pickled Vegetable Pork Flavour,Cup,Hong Kong,3.75
Nissin,Demae Iccho Sesame Oil Flavour Instant Noodle,Bowl,Hong Kong,3.5
Nissin,Cup Noodles Beef Flavor Ramen Noodle Soup (New Recipe),Cup,USA,3.5
Nongshim,Seaweed Instant Noodle,Cup,South Korea,0.5
Nissin,Demae Iccho Seafood Flavour Instant Noodle,Cup,Hong Kong,4.75
Nissin,Cup Noodles Hot & Spicy Shrimp Flavor Ramen Noodle Soup (New Recipe),Cup,USA,2.5
Nissin,Disney Cuties Instant Chicken With Corn Flavour,Cup,Thailand,3.25
Nissin,Top Ramen Atta Nooldes Masala,Pack,India,4.5
Samyang Foods,Zzaldduck Buldak Bokkeummyun Snack,Pack,South Korea,4.5
Samyang Foods,Curry Buldak Bokkeummyun,Pack,South Korea,4.25
Samyang Foods,Cool/Ice Buldak Bokkeummyun,Pack,South Korea,3.75
Samyang Foods,2x Spicy Haek Buldak Bokkeummyun,Pack,South Korea,4
Samyang Foods,Buldak Bokkeummyun Snack,Pack,South Korea,5
Samyang Foods,Stew Buldak Bokkeumtangmyun,Pack,South Korea,5
Samyang Foods,Cheese Buldak Bokkeummyun,Pack,South Korea,4
Samyang Foods,Buldak Bokkeummyun (New Packaging),Pack,South Korea,4
Nissin,Demae Iccho Chicken Flavour Instant Noodle (Bowl Noodle),Bowl,Hong Kong,5
Nongshim,Spicy Shrimp Cup Noodle,Cup,South Korea,4
Nissin,"Cup Noodles Rich Garlic, Egg Yolk & Oxtail",Cup,Japan,4
Nissin,Cup Noodles BIG XO Sauce Seafood Flavour,Cup,Hong Kong,4
Nissin,Demae Iccho Tonkotsu Flavour Instant Noodle (Bowl Noodle),Bowl,Hong Kong,3
Nissin,Cup Noodles Sopa Nissin Sabor A Pollo,Cup,Mexico,4
Nissin,Maxi Sopa Nissin Cuchareable Sabor A Jugo De Carne,Cup,Mexico,4
Nissin,Sopa Nissin Sabor A Camaron Sopa Instantanea Tipo Ramen,Pack,Mexico,4
Nissin,Cup Noodles Sopa Nissin Sabor A Carne De Res,Cup,Mexico,4
Nissin,RapiFideo Sabor A Tomate Y Pollo,Cup,Mexico,4
Nissin,"Cup Noodles Sopa Nissin Sabor Camaron, Habanero Y Limon",Cup,Mexico,3
Nissin,Sopa Nissin Sabor A Pollo Sopa Instantanea Tipo Ramen,Pack,Mexico,4
Nissin,Cup Noodles Sopa Nissin Con Camaron,Cup,Mexico,3
Nissin,Maxi Sopa Nissin Cuchareable Sabor A Camaron Picante,Cup,Mexico,3
Nissin,Cup Noodles Gourmet Sabor A Caldo De Camaron,Cup,Mexico,5
Nissin,"Sopa Nissin Sabor Mariscos, Habanero Y Limon",Cup,Mexico,4
Nissin,Maxi Sopa Nissin Cuchareable Sabor A Pollo,Cup,Mexico,4
Nissin,Sopa Nissin Sabor A Res Instantanea Tipo Ramen,Pack,Mexico,4
Nissin,Cup Noodles Sopa Nissin Hot Sauce Sabor A Pollo,Cup,Mexico,4
Nissin,Cup Noodles Spicy Lime Flavor Ramen Noodle Soup (New Recipe),Cup,USA,4
Nissin,Demae Iccho Tokyo Shoru Tonkotsu Instant Noodle,Cup,Hong Kong,4
Paldo,Bul Jjajangmyeon,Pack,South Korea,5
Nissin,Nupasta Bolognese Flavour Instant Noodle,Cup,Japan,4.00
Nongshim,Saeutang Sabalmyeon,Bowl,South Korea,3.5
Nissin,Cup Noodle Spicy Curry Chicken,Cup,Japan,5
Nissin,Cup Noodles Spicy Beef Flavour,Cup,Hong Kong,4.00
Nissin,Cup Noodles Big Seafood Flavour,Cup,Hong Kong,4
Ottogi,Ramyun Sabor Pollo,Pack,Mexico,4.00
Nissin,Demae Iccho Black Garlic Oil Tonkotsu Flavour Instant Noodles,Cup,Hong Kong,4.00
Maruchan,Sopa Maruchan Sobar A Camaron,Pack,Mexico,3
Nissin,Yakisoba,Tray,Japan,5
Nissin,Demae Ramen Spicy Xo Sauce Seafood Flavour Instant Noodle,Pack,Hong Kong,4
Nissin,Cup Noodles Spicy Chile Chicken (New Recipe),Cup,USA,4
Nissin,Cup Noodles Seafood,Cup,China,4
Nissin,Nupasta Bacon In Carbonara Sauce Flavour Instant Noodle,Pack,Hong Kong,5
Samyang Foods,Buldak Bokkummyun Cheese Flavor,Pack,South Korea,4
Nissin,Demae Ramen Straight Noodle Black Garlic Oil Tonkotsu Flavour Instant Noodle,Pack,Hong Kong,5
Myojo,Shin Toyama Black Ramen,Bowl,Japan,4
Nissin,Cup Noodles Tom Yum Goong Flavour,Cup,Hong Kong,4
Nissin,Korean Kimchi Flavour Vermicelli,Cup,Hong Kong,4
Nissin,Raoh Pork Bone Soy Soup Noodle,Pack,Japan,5
Samyang Foods,Gold Jjamppong Fried Noodle,Pack,South Korea,5
Nissin,Demae Iccho Red Hot Seafood Flavour Instant Noodle,Cup,Hong Kong,4
Nissin,Demae Iccho Spicy Tonkotsu Flavour Instant Noodle (Bowl Noodle),Bowl,Hong Kong,5
Nissin,Raoh Tantanmen,Pack,Japan,5
Nissin,Cup Noodles With Shrimp Ramen Noodle Soup (New Recipe),Cup,USA,3
Nissin,Demae Iccho Spicy Kimchi Pot Flavour Instant Noodle (Bowl Noodle),Bowl,Hong Kong,4
Samyang Foods,Fresh Bibimmyun Fried Noodle,Pack,South Korea,4
Nissin,Nupasta Neapolitan Flavour Instant Noodle,Pack,Hong Kong,5
Nissin,Disney Cuties Instant Noodle Crab Flavour,Cup,Thailand,4
Nissin,Cup Noodles Rich Soft Shelled Turle Soup,Cup,Japan,3
Nissin,Disney Cuties Instant Noodle Seaweed Flavour,Cup,Thailand,3
Ottogi,Ramyon Sabor Y Camaron,Pack,Mexico,4
Nissin,Demae Iccho Spicy XO Sauce Seafood Flavour,Pack,Hong Kong,4
Nongshim,Shin Noodle Soup,Cup,USA,5
Nissin,Sapporo Noukou Miso Ramen,Bowl,Japan,5
Nissin,Vietnamese Chicken Coriander Flavour Vermicelli,Cup,Hong Kong,4
Nissin,Cup Noodles Black Pepper Crab Flavour,Cup,Hong Kong,4
Nissin,Cup Noodles Chicken Flavor Ramen Noodle Soup (New Recipe),Cup,USA,4
Nissin,Cup Noodle Light+ Bagna Cauda,Cup,Japan,5
Maruchan,Gotsumori Koku Tonkotsu Ramen,Bowl,Japan,4
Paldo,Bibim Men,Bowl,South Korea,5
Nissin,Cup Noodles Milk Seafood Flavour,Cup,Hong Kong,4
Nissin,Spicy Chikin Donburi,Bowl,Japan,5
Nissin,Raoh Shoyu Ramen,Bowl,Japan,5
Maruchan,Ramen Noodle Soup Sriracha Chicken Flavor,Pack,USA,4
Nissin,Cup Noodle Seafood,Cup,Japan,5
Paldo,Budae Jjigae,Pack,South Korea,5
Nissin,Demae Ramen Spicy Seafood Flavour Instant Noodle,Pack,Hong Kong,5
Myojo,Mee Goreng Spicy Flavour,Pack,Singapore,5
Paldo,Bul Jjamppong,Pack,South Korea,4
Nissin,Disney Cuties Instant Noodle Roast Pork Flavour,Cup,Thailand,3
Nissin,Demae Ramen Spicy Hot tonkotsu Flavour Instant Noodle,Pack,Hong Kong,5
Nissin,Big Cup Noodles Tonkotsu Flavour,Cup,Hong Kong,3
Nissin,Deka Buto Kuro M-yu Tonkotsu,Bowl,Japan,5
Maruchan,Bowl Taste Of Asia Hearty Pork Flavor Tonkotsu Ramen,Bowl,USA,4
Nissin,Cup Noodles Sabor Galinha Caipira,Cup,Brazil,4
Nongshim,Bowl Noodle Soup Independence Day Limited Edition Spicy Chicken Flavor,Bowl,USA,4
Nissin,Nupasta Vongole Flavour Instant Noodle,Cup,Hong Kong,4
Nissin,Gyorai Inaniwa Chuka Soba,Bowl,Japan,5.0
Myojo,Barikata Noukou Tonkotsu Shoyu,Bowl,Japan,4.75
Nissin,Demae Ramen Sesame Oil Flavour Cup,Cup,Hong Kong,4
Nissin,Raoh Hot & Sour Ramen,Pack,Japan,5
Maruchan,Ramen Noodle soup Mushroom Flavor,Pack,USA,4
Nissin,Piritto Karakuchi Tantan Udon,Bowl,Japan,4
Nongshim,Chal Bibim Myun,Pack,South Korea,5
Maruchan,Instant Lunch Pork Flavor Ramen Noodles With Vegetables,Cup,USA,3
Nissin,Lamen Sabor Picanha,Pack,Brazil,4
Maruchan,Bowl Taste Of Asia Miso Chicken Flavor Spicy Miso Ramen,Bowl,USA,4
Nissin,Men Shokunin Kaoruyasai Shio,Bowl,Japan,5
Nissin,Demae Ramen Spicy Curry Flavour Instant Noodles,Pack,Hong Kong,4
Nissin,Demae Ramen Roast Beef Flavour Instant Noodles,Pack,Hong Kong,4
Nissin,Kimchi Chikin Ramen Donburi,Bowl,Japan,5.00
Maruchan,Instant Lunch Chipotle Chicken Flavor Ramen Noodle Soup,Cup,USA,5.0
Myojo,Mee Goreng Thai Tom Yum Flavour,Pack,Singapore,4.0
Nissin,Mennippon Oumi Chanpon,Bowl,Japan,5.00
Nissin,Cup Noodles Tom Yum Shrimp Sabb Flavour,Cup,Thailand,5
Nissin,Chilli Noodles Stir Fried Holy Basil Flavour,Pack,Thailand,5
Nissin,Instant Noodles Moo Manao Flavour,Pack,Thailand,4
Nissin,Super Tom Yum Shrimp,Cup,Thailand,3.50
Nissin,Cup Noodles Minced Pork Flavour,Cup,Thailand,3.50
Nissin,Chilli Noodles Tom Yum Shrimp Creamy Soup Flavour,Cup,Thailand,3.25
Nissin,Instant Noodles Tom Yum Shrimp Saab Flavour,Pack,Thailand,4.0
Nissin,Cup Noodles Moo Manao Flavour,Cup,Thailand,4.00
Nissin,Instant Noodles Minced Pork Flavour,Pack,Thailand,3.50
Nissin,Cup Noodles Seafood Creamy Flavour,Cup,Thailand,4
Nissin,Chilli Noodles Spicy Tom Yum Flavour,Pack,Thailand,4
Nissin,Cup Noodles Chilli Crab Flavour,Cup,Hong Kong,3.75
Nissin,Lamen Sabor Frango Assado Com Toque De Limao,Pack,Brazil,4.5
Maruchan,Ramen Noodle Soup Chicken Tortilla Flavor,Pack,USA,3
Nissin,Cup Noodles Singapore Laksa,Cup,Japan,5
Samyang Foods,Pojangmacha Udon,Pack,South Korea,4
Myojo,Mee Goreng Original Flavour,Pack,Singapore,4
Nongshim,Kimchi Flavor Noodle Soup,Cup,USA,5
Maruchan,Seimen Noukou Toro Tonkotsu,Bowl,Japan,4
Nissin,Straits Kitchen Laksa,Pack,Singapore,5
Nongshim,Champong Noodle Soup Spicy Seafood Flavor,Pack,South Korea,5
Nissin,Nupasta Salmon In White Sauce Flavour Instant Noodle,Pack,Hong Kong,5
Nissin,Big Cup Noodles Seafood Curry Flavour,Cup,Hong Kong,5
Nissin,Demae Iccho Beef Flavour Instant Noodle,Bowl,Hong Kong,4
Nissin,Mie Goreng Indonesia Stir Noodle Original Flavour,Pack,Hong Kong,4
Nissin,Demae Ramen Sesame Flavour Instant Noodles,Pack,Hong Kong,5
Nissin,Demae Ramen Straight Noodle Kyushu Tonkotsu Instant Noodle,Pack,Hong Kong,5
Nissin,Taisho Fried Noodle Sesame Paste Flavour Instant Noodle,Pack,Hong Kong,5
Nissin,Cup Noodles Pork Chowder Flavour,Cup,Hong Kong,4
Nissin,Cup Mifun Spicy Beef Flavour,Cup,Hong Kong,4
Nissin,Nupasta Carbonara Flavour Instant Noodle,Cup,Hong Kong,5
Nissin,Demae Iccho Curry Beef Flavour,Cup,Hong Kong,4
Nissin,Cup Noodles Big Spicy Seafood Flavour,Cup,Hong Kong,5
Nissin,Demae Iccho Black Garlic Oil Tonkotsu,Bowl,Hong Kong,3.75
Nissin,Cup Noodles Sabor Pollo Habanero Y Limon Sopa Instantanea,Cup,Mexico,3.5
Maruchan,Bowl Taste Of Asia Beef Flavor Sukiyaki Ramen,Bowl,USA,5
Samyang Foods,Fresh Jjajang,Pack,South Korea,4.5
Nongshim,Arrabiata Rice Bucatini,Pack,USA,5
Ottogi,Ramyon Sabor Mariscos,Pack,Mexico,3.75
Nissin,Cup Noodle Light+ Cheese Fondue,Cup,Japan,5
Nissin,RapiFideo Sabor A Chile Y Limon,Cup,Mexico,3.75
Nissin,Tokyo Tokunou Gyokai Tonkotsu,Bowl,Japan,5
Maruchan,Instant Lunch Sriracha Chicken Flavor Ramen Noodle Soup,Cup,USA,3.75
Indomie,Pop Mie Mi Instan Cup Rasa Ayam,Cup,Indonesia,3.5
Ottogi,Ramyon Sabor A Res,Pack,Mexico,4
Nissin,Cup Noodles Sabor Franhp Com Requeijao,Cup,Brazil,5
Myojo,Charumera Atyificial Tonkotsu Shouyu Flavor,Pack,Japan,3.75
Maruchan,"Sopa Maruchan Sabor a Camaron, Limon y Habanero",Pack,Mexico,3.5
Nissin,Shinshu Miso Ramen,Bowl,Japan,5
Samyang Foods,Honey & Cheese Big Bowl,Bowl,South Korea,0
Nongshim,Rice Fettucini Alfredo,Pack,United States,3.75
Nissin,Donbei Dashi Shoyu Yakiudon,Bowl,Japan,3.75
Nissin,Raoh Rich Miso Flavor,Bowl,Japan,5
Nissin,Cup Noodles Tom Yum Goong,Cup,Japan,3.8
Nissin,Cup Noodle Big Seafood Clam Chowder,Cup,Japan,4
Nissin,Chikin Ramen Donburi,Bowl,Japan,5
Nissin,Curry Udon,Cup,Japan,5.0
Nissin,Men Shokunin Shoyu,Bowl,Japan,5.0
Nissin,Cup Noodle Vegeta Buta-kyabetsu Tonkotsu,Cup,Japan,4.3
Nissin,Cup Noodle Pasta Style Tarako Spaghetti,Cup,Japan,4.0
Nissin,Cup Noodle Big Cheese Mexican Chilli,Cup,Japan,5.00
Nissin,Gyoretsu-no-Dekiru-Mise-no-Ramen (Shrimp Tantanmen),Bowl,Japan,5
Nissin,Raoh Tonkotsu,Pack,Japan,5
Nissin,Cup Noodle Light Plus Ratatouille,Cup,Japan,4.5
Nissin,Cup Noodle Milk Chikin Ramen,Cup,Japan,5
Nissin,Cup Noodle,Cup,Japan,5.0
Nissin,Yokohama Walker Iekei Ramen,Bowl,Japan,4.50
Nissin,Chinese Tan Tan Vermicelli,Cup,Hong Kong,5.0
Nissin,BIG Cup Noodle Ajillo,Cup,Japan,3.0
Nissin,Soba Fried Noodles Classic,Pack,Germany,3.25
Samyang Foods,Cheese Curry Ramyun,Pack,South Korea,5
Nissin,Cup Noodles Sabor Calabresa,Pack,Brazil,4.25
Nongshim,Noodle Soup Seasoned With Real Kimchi,Pack,USA,4.75
Nissin,Top Ramen Chicken Flavor Ramen Noodle Soup (New Packaging),Pack,USA,3.5
Myojo,Charumera Shoyu Ramen,Pack,Japan,4
Maruchan,Spicy Tomato Salsa Ramen,Cup,Japan,0
Nissin,Raoh Ramen Noodle Soup Umami Soy Sauce Flavor,Pack,USA,4.75
Nissin,Cup Noodles Ramen Noodle Soup Hearty Chicken Flavor [New Package],Cup,USA,4.25
Nissin,Raoh Shio Ramen,Pack,Japan,4.75
Nissin,Cup Noodle Pasta Style Bolognese,Cup,Japan,5
Nissin,Donbei Kamodashi Soba,Bowl,Japan,5
Nissin,Bowl Noodles Hot & Spicy Chicken Flavor Less Sodium Ramen Noodle Soup,Bowl,USA,4
Nissin,Cup Noodles Ramen Noodle Soup Chicken Flavor [New Package],Cup,USA,3.5
Maruchan,Shiroi Chikara Mochi Udon,Bowl,Japan,4.5
Nissin,Soba Fried Noodles Teriyaki,Pack,Germany,3
Nissin,Emergency Chikin Ramen Cup Noodle,Cup,Japan,5
Nissin,Chow Mein Pad Thai,Tray,USA,3
Nissin,Kuroma-yu Tonkotsu Kumamoto Ramen,Bowl,Japan,4.75
Nissin,Cup Noodle Massaman Curry,Cup,Japan,3.5
Maruchan,Seimen Houjyun Koku Shoyu,Bowl,Japan,5
Nissin,Cup Noodle Sio,Cup,Japan,5
Ottogi,Cheese Ramen,Pack,South Korea,4
Nissin,Cup Noodles Homestyle Chicken,Cup,USA,3.5
Nissin,Cup Noodles Kyushu White Flavour,Cup,Singapore,3.5
Myojo,Mee Poh Dry,Pack,Singapore,4.25
Myojo,Chicken Abalone Flavour,Bowl,Singapore,3.75
Myojo,Ramen Char Mee 100,Pack,Singapore,3
Myojo,La Ramen Spicy Mushroom Flavour Big Bowl,Bowl,Singapore,4.5
Myojo,Mee Goreng,Pack,Singapore,4
Myojo,La Ramen Spicy Lobster Hot Pot Flavour Big Bowl,Bowl,Singapore,4.75
Myojo,Chicken Abalone Flavour,Pack,Singapore,3.5
Myojo,Thai Tom Yam Flavour,Bowl,Singapore,3.75
Myojo,Chicken Tanmen Flavour,Pack,Singapore,3.5
Myojo,Extra Spicy Singapore Curry Big Bowl,Bowl,Singapore,5
Myojo,La Ramen Spicy Mushroom Flavour,Pack,Singapore,4.5
Myojo,Chicken Flavour,Pack,Singapore,3.75
Nissin,Cup Noodles Minced Pork Flavour,Cup,Thailand,3.75
Nissin,Soba Fried Noodles Chili,Pack,Germany,3.5
Mama,Shrimp Tom Yum Flavour Cup Noodles,Cup,Myanmar,3.5
Nissin,Raoh Ramen Noodle Soup Umami Tonkotsu Flavor,Pack,USA,5
Nissin,Cupo Noodle Pasta Style Vongole,Cup,Japan,2.75
Mama,Instant Noodles chicken Green Curry Flavour,Pack,Cambodia,5
Myojo,Wantan Men,Bowl,Japan,5
Indomie,Instant Cup Noodles Mi Goreng Fried Noodles,Cup,Indonesia,5
Mama,Chinese Kitchen Chinese Style Instant Noodles,Pack,Myanmar,3.5
Myojo,Udon Japanese Style Precooked Noodles With Soup Hot & Spicy Flavor,Bowl,USA,3.25
Nissin,Raoh Ramen Noodle Soup Umami Miso Flavor,Pack,USA,4.5
Nissin,Chow Mein Savory Sauce And Restayrant Quality Noodles Roast Chicken Flavor ,Tray,USA,4.5
Mama,Oriental Style Instant Noodles Shrimp Flavour,Pack,Bangladesh,3.25
Nongshim,Zha Wang ((Jjawang) Noodles With Chajang Sauce,Pack,South Korea,5
Mama,Instant Noodles Stewed Beef Flavour,Pack,Cambodia,3.5
Nongshim,Soon Veggie Noodle Soup,Cup,USA,5
Myojo,Udon Japanese Style Pre-Cooked Noodles With Soup Beef Flavor,Bowl,USA,3.25
Nissin,Soba Fried Noodles Curry,Pack,Germany,4.25
Mama,Vegetarian Instant Cup Noodle Tofu & Shiitake Flavour,Cup,Thailand,3.5
Mama,Oriental Style Instant Noodles Tandoori Flavour,Pack,Bangladesh,4
Mama,Vegetarian Instant Noodles Tom Yum Flavour,Pack,Thailand,4
Nissin,Cup Noodles Ramen Noodles Ramen Noodle Soup Beef Flavor (New Package) ,Cup,USA,3.5
Nissin,Chow Mein Premium Savory Sauce And Restaurant Quality Noodles Sriracha Flavor,Tray,USA,4.25
Mama,Instant Noodles Shrimp Tom Yum Flavour,Pack,Cambodia,4
Paldo,Bulnak Boeummyun King Noodle,Bowl,South Korea,3.5
Nissin,Cup Noodles Ramen Noodles With Shrimp (New Package) ,Cup,USA,3.5
Nissin,Cup Noodles Moo Manao Flavour,Cup,Thailand,4
Mama,Oriental Style Instant Noodles Hot & Spicy Flavour,Pack,Bangladesh,4
Paldo,King Bowl Super Spicy Pan Stirfried Noodle,Bowl,South Korea,5
Mama,Rangers Snack Noodles Shrimp Tom Yum Flavour,Pack,Myanmar,4.5
Myojo,Udon Japanese Style Pre-Cooked Noodles With Soup Chicken Flavor,Bowl,USA,2.5
Nissin,Raoh Tanrei Koku Shio Ramen,Bowl,Japan,4.5
Mama,Instant Noodles Creamy Shrimp Tom Yum Flavour,Pack,Cambodia,5
Vina Acecook,Oh! Ricey Pho Ga,Bowl,Vietnam,3
Vina Acecook,Hao Hao Sate Onion Flavour,Cup,Vietnam,2.5
Mama,Instant Noodles Egg Protein Noodles,Pack,Myanmar,3.5
Samyang Foods,Seafood Noodle,Cup,Japan,2.75
Maruchan,Instant Lunch Chicken Tortilla Flavor Ramen Noodles With Vegetables,Cup,USA,4
Mama,Cup Yentafo Tom Yum Mohfai,Cup,Thailand,5
Mama,Cup Shrimp Creamy Tom Yum,Cup,Thailand,5
Mama,Instant Rice Vermicelli Bihun Goreng Original Flavour,Pack,Thailand,4.75
Mama,Instant Noodles coconut Milk Flavour,Cup,Myanmar,5
Mama,Oriental Style Instant Noodles Chicken Flavour,Pack,Bangladesh,3.25
Mama,Instant Cup Noodles Minced Prok Flavor,Cup,Thailand,3.5
Nongshim,Shin Black Spicy Po-Au-Feu Flavor (Mew Edition),Pack,USA,5
Paldo,Raobokki Noodle (Export Version),Pack,South Korea,5
Mama,Cup Rice Vermicelli With Clear Soup,Cup,Thailand,3.5
Vina Acecook,King Chef Authentic Kimchi Flavour,Pack,Vietnam,4
Mama,Non-Fried Instant Noodles Ramen Tonkotsu Flavor,Pack,Thailand,5
Mama,JokCup Instant Porridge Soup Seafood Flavour,Cup,Thailand,3.5
Ottogi,Sesame Flavor Ramen Korean Style Instant Noodle,Pack,South Korea,4.25
Samyang Foods,Shoyu Noodle,Cup,South Korea,3.5
Nissin,Donbei Tempura Soba Mini,Bowl,Japan,4
Nongshim,Korean Clay Pot Ramyun,Bowl,China,2.5
Nissin,Gonbuto Kistune Udon,Bowl,Japan,2.75
Mama,Instant Rice Noodle Soup Spicy Shrimp Flavour,Bowl,Thailand,5
Nongshim,Quick2 Hot & Spicy Noodle Soup With Habanero & Lime,Pack,USA,4
Myojo,MenWhite Creamy Tonkotsu,Bowl,Japan,3
Nissin,Chu Qian Yi Ding Tom Yum Instant Noodles With Soup Base,Pack,Singapore,3.75
Maruchan,Kaoru Maitake Tempura Udon,Bowl,Japan,3.25
Myojo,Nyumen Desse Shoyu,Bowl,Japan,2.75
Nissin,Demae Iccho Mushroom With Vegetables Flavour Macaroni,Pack,Hong Kong,3.5
Vina Acecook,Mikochi Tom Yum Flavor Instant Noodles,Pack,Vietnam,3.5
Nongshim,Jinjja Jinjja (New),Pack,South Korea,5
Nissin,Top Ramen Super Noodles Tomato,Pack,India,3.5
Mama,Cup Rice Vermicelli Shrimp Creamy Tom Yum,Cup,Thailand,4
Nissin,Original Chow Mein Premium Spicy Chicken Flavor,Tray,USA,4
Nongshim,Tteokgukmyun,Pack,South Korea,4.25
Nissin,Gonbuto Tempura Udon,Bowl,Japan,4
Mama,Pork Flavour Whole Wheat Noodle,Pack,Thailand,3.75
Paldo,Jjajangmen Chajang Noodle King Bowl,Bowl,South Korea,5
Maruchan,"Big Cup Ramen Corn, Salt & Butter Flavor",Bowl,Japan,5
Mama,Instant Noodles Cup Beef Flavour,Cup,Thailand,3.5
Nissin,Emergency Cup Noodle,Cup,Japan,4.25
Nissin,Cup Noodles Tomato Enjoy Noodles With Hot Soup,Cup,India,3.25
Nongshim,Shin Ramyun Noodle Soup (New Edition),Pack,USA,4.25
Myojo,Men Black Seafood Tonkotsu,Bowl,Japan,3.5
Samyang Foods,Curry Noodle,Cup,Japan,3.75
Nissin,Demae Rice Vermicelli Beef Flavour,Pack,Hong Kong,3.5
Nissin,Chu Qian Yi Ding Spicy Sesame Flavour Instant Noodles With Soup Base,Pack,Singapore,3.5
Paldo,Jjamppong Seafood Noodle King Bowl,Bowl,South Korea,5
Maruchan,Gotsumori Sauce Yakisoba,Tray,Japan,5
Nongshim,Neoguri Udon Seafood & Mild,Pack,South Korea,4
Mama,Instant Noodles Tom Yum Pork Flavour,Pack,Thailand,4
Nissin,Donbei Kitsune Udon Mini,Bowl,Japan,3.5
Nissin,Chu Qian Yi Ding Prawn Flavour Instant Noodles With Soup Base,Pack,Singapore,3.5
Nissin,Cup Noodles Mug Noodles Spicy Vegetable,Pack,India,3.75
Nongshim,Bowl Noodle Soup Shrimp Habanero Lime Flavor,Bowl,USA,3.25
Samyang Foods,Sogokimyun Hot Flavor Noodle Soup,Pack,South Korea,3.5
Nissin,Easy Fideos Picante Lime Shrimp Flavor Ramen Noodle Soup,Cup,USA,3.5
Indomie,Pop Mie Chicken Flavour Cup Noodles,Cup,Indonesia,3.5
Maruchan,Magomi-an Kitsune Udon (Eastern Japan Flavor),Bowl,Japan,4.25
Ottogi,Potato Ramen,Pack,South Korea,3.75
Nissin,Soba Chili Noodles With Japanese Yakisoba Sauce,Cup,Germany,3.5
Nongshim,Spicy Tonkotsu Noodle Soup,Pack,USA,5
Maruchan,I Want To Eat Ramen' Shoyu Flavor,Pack,Japan,4
Paldo,Jjol Bibim Men,Pack,South Korea,4
Nissin,Cup Noodles Easy Fideos Tomato Chicken Flavor Ramen Noodle Soup,Cup,USA,3.5
Mama,Instant Noodles Moo Nam Tok Flavour,Pack,Thailand,4
Mama,Instant Noodle Shrimp Tom Yum Flavour Jumbo Pack,Pack,Thailand,4
Mama,Instant Cup Noodles Shrimp Tom Yum Flavour (Extreme),Cup,Thailand,5
Mama,Instant Noodles Shrimp Creamy Tom Yum Flavour Jumbo Pack,Pack,Thailand,5
Mama,Instant Cup Noodles Spicy Cheese Flavour,Cup,Thailand,3.5
Mama,Instant Cup Noodles Seafood Pad Kee Mao Flavour,Cup,Thailand,5
Mama,Oriental Style Instant Noodles Green Curry Flavour Jumbo Pack,Pack,Thailand,5
Maruchan,Instant Lunch California Vegetable Ramen Noodles With Vegetables,Cup,USA,3.5
Nissin,Cup Noodles Black Pepper Crab Flavour,Cup,Singapore,4
Nissin,Premium Instant Noodles Spicy Beef Flavour,Pack,Singapore,3.75
Nissin,Cup Noodles Tom Yam Veg Flavour,Cup,Singapore,4
Nissin,Premium Instant Noodles Roasted Beef Flavour,Bowl,Singapore,3.75
Nissin,Chu Qian Yi Ding Sesame Oil Flavour,Pack,Singapore,3.75
Nissin,Cup Noodles Chicken Flavour,Cup,Singapore,3.5
Nissin,Premium Instant Noodles XO Sauce Seafood Flavour,Pack,Singapore,3.75
Nissin,Cup Noodles Chilli Crab Flavour,Cup,Singapore,4
Nissin,Japanese Ramen Kyushu Black Instant Noodles With Soup Base,Pack,Singapore,5
Nissin,Premium Instant Noodles Spicy Beef Flavour,Bowl,Singapore,3.75
Nissin,Cup Noodles Tom Yam Seafood Flavour,Cup,Singapore,4
Nissin,Japanese Ramen Tokyo Shoyu Instant Noodles With Soup Base,Pack,Singapore,5
Nissin,Cup Noodles Seafood Curry Flavour,Cup,Singapore,4
Nissin,Premium Instant Noodles Roasted Beef Flavour,Pack,Singapore,4.25
Nissin,Cup Noodles Cream Of Chicken Flavour,Cup,Singapore,4
Myojo,Ippei-Chan Jumbo Night Market Style Yakisoba,Tray,Japan,4.5
Maruchan,Instant Lunch Jalapeno Cheddar Flavor Ramen Noodles,Cup,USA,3.5
Nongshim,Harmony Korean Spicy Noodle Dish With Chipotle,Pack,USA,4.25
Nissin,Souper Meal Chili Picante Chicken With Lime Flavor Ramen Noodle Soup,Bowl,USA,3.5
Maruchan,Old Style Miso Ramen,Pack,Japan,3.5
Samyang Foods,Buldak Bokkummyeon,Bowl,South Korea,4
Nissin,Sabor A Gallina Fideos Con Instantanea,Pack,Colombia,3.5
Myojo,Chukazanmai Beijing Style Salt Ramen,Pack,Japan,3
Ottogi,Cheese Bokki,Bowl,South Korea,4
Vina Acecook,King Chef Seafood With Kimchi Flavour,Pack,Vietnam,3
Nissin,Pan Asian Kitchen Spicy Szechuan Chicken Flavor Ramen Noodles,Tray,USA,3
Nongshim,Korean Clay Pot Ramyun Noodle,Cup,China,2.75
Maruchan,I Want To Eat Ramen Shio,Pack,Japan,3.75
Ottogi,Ppushu Ppushu Grilled Chicken Flavor,Pack,South Korea,1
Myojo,Chukazanmai Szechuan Style Miso,Pack,Japan,2
Paldo,Cheese Ramyun (for US market),Pack,South Korea,5
Myojo,Yomise No Yakisoba Shiodare Flavor With Black Pepper Mayonnaise,Tray,Japan,3.75
Vina Acecook,Oh! Ricey Pho Bo Instant Rice Noodles,Bowl,Vietnam,3.75
Nissin,Fried Noodle Specialist Tom Yam Mee Goreng Flavour,Pack,Singapore,3
Paldo,Mild Kokomen (Prototype),Pack,South Korea,4.5
Indomie,Mi Goreng Rasa Iga Penyet,Pack,Indonesia,4.75
Paldo,Barbecue Ramyun (Prototype),Pack,South Korea,3.75
Samyang Foods,Nagasaki Jjamppong,Cup,South Korea,3.75
Nissin,Soba Teriyaki Noodles With Japanese Yakisoba Sauce,Cup,Germany,3
Nongshim,Sir Long Tang Creamy Beef Noodle Soup,Cup,USA,4.25
Paldo,Bulnak Bokkummyun Spicy Fried Octopus Ramyun,Pack,South Korea,4
Indomie,Taste Of Asia Mi Goreng Rasa Bulgogi Ala Korea,Pack,Indonesia,2.75
Indomie,Taste Of Asia Mi Kuah Rasa Tom Yum Ala Thailand,Pack,Indonesia,3.75
Mama,Instant Noodles Cup Seafood Flavour,Cup,Thailand,3.75
Nissin,Spa Oh Tarako Spaghetti,Bowl,Japan,4
Ottogi,Japchae Vermicelli Noodle,Pack,South Korea,2.75
Paldo,Korean Traditional Beef Gomtangmen,Pack,South Korea,5
Maruchan,I Want To Eat Ramen Miso Flavor,Pack,Japan,3.75
Nongshim,Soon Veggie Noodle Soup,Pack,South Korea,5
Nissin,Cup Noodle Cheese Curry,Cup,Japan,3.75
Nissin,Demae Ramen Shoyu Tonkotsu Artificial Pork Flavour,Pack,Hong Kong,4.75
Mama,Instant Noodles Yentafo Tom Yum Mohfai Flavour,Pack,Thailand,5
Samyang Foods,Red Nagasaki Jjampong,Pack,South Korea,5
Myojo,Prawn Noodles,Pack,Singapore,4.25
Nissin,Cup Noodles Sabor A Carne Sopa Con Fideos,Cup,Colombia,3
Nongshim,Sain Sain Garlic Teriyaki Fresh Cooked Udon Pasta,Tray,South Korea,4.5
Nongshim,Oolongmen Kimchi Cup Noodle Soup Mix,Cup,South Korea,4
Ottogi,Ppushu Ppushu Noodle Snack Bulgogi Flavor,Pack,South Korea,3.25
Samyang Foods,Baked Noodle Spicy Grilled Beef Ramyun,Pack,South Korea,3.5
Nissin,Cup Noodle Curry X Gunpla RX-78-2 Gundam,Cup,Japan,4.25
Nissin,Chow Mein Teriyaki Chicken Flavor Chow Mein Noodles,Tray,USA,3.75
Mama,Instant Noodles Tom Saab Flavour,Pack,Thailand,3.5
Samyang Foods,三養라면 (Samyang Ramyun) (South Korean Version),Bowl,South Korea,3.75
Nissin,Sabor A Pollo Sopa Con Fideos,Cup,Colombia,2.75
Maruchan,I Want To Eat Ramen Pork Tonkotsu Flavor,Pack,Japan,4
Nissin,Demae Rice Vermicelli Chicken Flavour Instant Rice Vermicelli With Soup Base,Pack,Hong Kong,1.75
Nissin,Donbei Kansai Soy Sauce Flavor Udon,Pack,Japan,3.75
Mama,Instant Noodles Creamy Tom Yum Minced Pork Flavour,Pack,Thailand,3.5
Nissin,Demae Ramen Miso Tonkotsu Artificial Pork Flavor Ramen Noodle,Pack,Hong Kong,3.75
Nissin,Sabor A Pollo Sopa Instantánea Con Fideos,Pack,Colombia,3.25
Maruchan,Seimen Japanese Instant Ramen Noodles Shio Aji,Pack,Japan,3.75
Nissin,Pan Asian Kitchen Sweet & Sour Chicken Flavor Ramen Noodles,Tray,USA,3.75
Nissin,Soba Classic Noodles With Japanese Yakisoba Sauce,Cup,Germany,3.75
Nissin,Ultraman Instant Noodle Pork Flavour,Cup,Japan,3
Nissin,Demae Iccho Instant Noodle With Soup Base Artificial Chicken Flavour,Bowl,Hong Kong,3
Nissin,UFO Yakisoba With Wasabi Mayonnaise,Bowl,Japan,5
Mama,Instant Noodles Pork Flavour With Black Pepper,Pack,Thailand,3.5
Nissin,Cup Noodles Sabor A Gallina,Cup,Colombia,3.5
Mama,Instant Noodles Chicken Green Curry Flavour,Pack,Thailand,3.75
Samyang Foods,Maesaengyitangmyun Baked Noodle,Pack,South Korea,5
Nissin,Cup Noodle Chilli Tomato,Cup,Japan,4.5
Nissin,Bowl Noodles Chicken Flavor,Bowl,USA,3.5
Paldo,Namja Ramyun (US Version),Bowl,South Korea,4
Nissin,Soba Curry Noodles With Japanese Yakisoba Sauce,Cup,Germany,3.75
Nongshim,Shin Ramyun Cup,Cup,South Korea,3.5
Nissin,Sabor A Carne Sopa Instantánea Con Fideos,Pack,Colombia,3.75
Paldo,Cheese Noodle,Pack,South Korea,5
Samyang Foods,Star Popeye Ramyun Snack,Pack,South Korea,4
Myojo,Chukazanmai Guangdong Style Ramen,Pack,Japan,4.25
Nongshim,Shin Black Spicy Pot-au-feu Flavor Premium Noodle Soup,Cup,USA,5
Maruchan,Old Style Shio Ramen,Pack,Japan,3.5
Nissin,Donbei Curry Udon (West Japanese),Bowl,Japan,3.25
Nissin,Chow Mein With Shrimp Chow Mein Noodles,Tray,USA,3.75
Nissin,Chanpon Ramen,Pack,Japan,4.75
Samyang Foods,Chacharoni,Pack,South Korea,3.75
Nissin,Demae Iccho XO Sauce Seafood Flavour,Bowl,Hong Kong,4
Nissin,Yakisoba,Pack,Japan,5
Indomie,Instant Noodle Beef & Lime Flavour,Pack,Indonesia,4.25
Nissin,Big Cup Noodles Habanero Lime Shrimp Flavor Ramen Noodle Soup,Cup,USA,3.5
Myojo,Japanese Style Noodles Shio Flavor,Pack,USA,5
Samyang Foods,Ganjjampong,Bowl,South Korea,4.25
Maruchan,Fresh Yaki-Soba Stir Fry Noodles With Seasoning Sauce Base,Pack,Japan,4.25
Nissin,Pan Asian Kitchen Sukiyaki Beef Flavor Savory Soy Sauce Ramen Noodles,Tray,USA,3.75
Samyang Foods,Samyang Ramyun (SK Version),Cup,South Korea,3.5
Mama,Oriental Style Instant Kua-Chap Clear Soup,Pack,Thailand,3.75
Nissin,Demae Ramen Kimchi Flavour Instant Noodle With Soup Base,Bowl,Hong Kong,3.5
Nissin,Raoh Rich Soy Sauce With Roast Pork (2 Slices),Bowl,Japan,4.5
Nongshim,Doong Ji Authentic Korean Cold Noodles With Chili Sauce,Tray,South Korea,5
Myojo,Ippei-chan Yomise No Yakisoba Teriyaki Mayo Flavor,Tray,Japan,5
Vina Acecook,Hao Hao Mi Goreng Shrimp & Onion Flavour,Pack,Vietnam,3.5
Nissin,GooTa Demi Hamburg-Men,Cup,Japan,4.75
Indomie,Mi Goreng Cabe Ijo,Pack,Indonesia,4.5
Nissin,Raoh Soy Sauce Taste,Pack,Japan,4
Nissin,Raoh Rich Miso Flavor,Bowl,Japan,5
Nissin,Cup Noodle Red Shock,Cup,Japan,3.75
Maruchan,Seimen Japanese Instant Ramen Noodles Soy Sauce Taste,Pack,Japan,3.75
Ottogi,Cheese Bokki,Cup,South Korea,3.5
Myojo,Stir Fry Noodles Japanese Style Noodles With Sauce,Pack,USA,4
Nissin,Chow Mein Chicken,Tray,USA,3.5
Nongshim,Shin Ramyun Noodle Spicy Mushroom,Bowl,China,3.25
Nongshim,Potato Pork Ramyun,Pack,China,5
Maruchan,Bowl Hot & Spicy Shrimp Flavor Ramen Noodles With Vegetables,Bowl,USA,4.25
Nissin,King Cup Noodle BBQ Chicken & Onion,Cup,Japan,3.75
Mama,Authentic Thai Cuisine Pad Thai,Pack,Thailand,4
Samyang Foods,60 Ingredients Assorted Vegetable SK Version,Pack,South Korea,3.75
Samyang Foods,Nagasaki Crab Jjampong,Pack,South Korea,5
Samyang Foods,Buldalk Bokkeummyeon (Hot Fried Chicken Ramyun),Pack,South Korea,4
Samyang Foods,Yukgaejang Beef Ramyun,Bowl,South Korea,4
Samyang Foods,Bajirak Kalgugsu,Pack,South Korea,3.75
Samyang Foods,Hot Chacharoni,Pack,South Korea,3.75
Samyang Foods,Samyang Ramyun,Pack,South Korea,4.5
Samyang Foods,Beef Flavor Ramyun (SK Version),Pack,South Korea,4.25
Samyang Foods,Nagasaki Jjampong,Bowl,South Korea,4.75
Samyang Foods,Kimchi Ramyun (SK Version),Pack,South Korea,4
Samyang Foods,Ganjjampong,Pack,South Korea,4.25
Samyang Foods,Sutah (SK Version),Pack,South Korea,3.75
Nissin,Big Cup Noodles Habanero Lime Chicken Flavor Ramen Noodle Soup,Cup,USA,3.5
Nissin,King Spa Oh Peperoncino Spaghetti (日清生タイプSpa王 ペペロンチーノ),Bowl,Japan,4.25
Vina Acecook,Oh! Ricey Hủ Tiếu Sườn Heo (Pork Spareribs Flavour),Pack,Vietnam,3.5
Maruchan,Bowl Hot & Spicy Chicken Flavor Ramen Noodles With Vegetables,Bowl,USA,4
Ottogi,Sesame Flavor Noodle Bowl,Bowl,South Korea,3.5
Nissin,Demae Ramen Sesame Oil Flavour Noodles With Soup Base,Bowl,Hong Kong,4.5
Nissin,Chow Mein Spicy Teriyaki Beef,Tray,USA,4.5
Paldo,ДОШИРАК (Dosirac) Beef Flavor,Pack,South Korea,3.5
Maruchan,Yakisoba Beef Taco Flavor,Tray,USA,4.25
Nongshim,Shin Ramyun Black Spicy Beef,Cup,South Korea,4.5
Maruchan,Bowl Chicken Flavor,Bowl,USA,4
Nissin,Pan Asian Kitchen Spicy Pad Thai,Tray,USA,2.75
Paldo,Jong-Gah-Jip Kimchi Ramen,Pack,South Korea,4
Nissin,Donbei Tensoba,Bowl,Japan,4
Ottogi,Spaghetti Ramen,Bowl,South Korea,4.5
Nissin,Raoh Backfat Rich Soy Sauce Flavor,Bowl,Japan,5
Nongshim,Bowl Noodle Soup Spicy Seafood Flavor (New Version),Bowl,USA,4.25
Nissin,Bowl Noodles Hot & Spicy Super Picante,Bowl,USA,3.25
Ottogi,Kiss Myon,Cup,South Korea,3.75
Maruchan,Yakisoba Jalapeno Cheddar,Tray,USA,4
Maruchan,Yakisoba Four Cheese,Tray,USA,3.75
Mama,Shrimp (TOM YUM),Pack,Thailand,3.75
Maruchan,Beef,Cup,USA,3.5
Nongshim,Jinjja Jinjja Flamin' Hot & Nutty,Pack,USA,5
Paldo,Kokomen Spicy Chicken,Cup,South Korea,4.5
Paldo,Namja Ramen (USA version),Pack,South Korea,5
Maruchan,35% Less Sodium Beef,Cup,USA,3.5
Vina Acecook,Good Artificial Minced Pork Bean Vermicelli,Pack,Vietnam,3.75
Paldo,Kokomen Spicy Chicken,Bowl,South Korea,4.75
Maruchan,35% Less Sodium Chicken,Pack,USA,3.75
Ottogi,Jjajang Bokki,Bowl,South Korea,3.5
Maruchan,35% Less Sodium Beef,Pack,USA,3.5
Nongshim,Tempura Udon Flavor Cup Ramyun,Cup,South Korea,4.5
Vina Acecook,Good Chicken Abalone Bean Vermicelli,Pack,Vietnam,3.25
Nissin,Ramen Shop Sapporo Miso,Pack,Japan,4
Nongshim,Spicy Shrimp Cup Ramyun,Cup,South Korea,4.25
Maruchan,Instant Lunch Shrimp,Cup,USA,3.75
Nissin,Top Ramen Cucharealo Habanero Shrimp,Pack,USA,3.75
Paldo,Namja Ramyun,Bowl,South Korea,4.25
Indomie,Kriuuk Bawang,Pack,Indonesia,4.25
Nongshim,Neoguri Spicy Seafood,Cup,South Korea,4
Myojo,Ippei-chan Yomise-No Yakisoba Oriental,Tray,Japan,4.75
Maruchan,Instant Lunch Chicken,Cup,USA,3.5
Vina Acecook,Good Tomyum Kung Bean Vermicelli,Pack,Vietnam,3.5
Paldo,Bowl Noodle Shrimp Flavor,Bowl,South Korea,3.25
Vina Acecook,Hao Hao Mushroom,Pack,Vietnam,2.75
Nissin,Top Ramen Short Cuts Lime Chili,Pack,USA,3.75
Nongshim,Shin Bowl (New),Bowl,USA,4.25
Nongshim,Chapagetti,Bowl,USA,5
Vina Acecook,Good Chicken Bean Vermicelli,Pack,Vietnam,3.25
Indomie,Rasa Coto Makassar,Pack,Indonesia,4
Indomie,Special Fried Curly Noodle (Local),Pack,Indonesia,5
Nissin,Top Ramen Short Cuts Roast Chicken,Pack,USA,4.25
Vina Acecook,Hao Hao Mi Chay Vegetarian,Pack,Vietnam,3.25
Indomie,Rasa Mi Cakalang,Pack,Indonesia,4.5
Vina Acecook,Bestcook Hot & Sour Shrimp,Bowl,Vietnam,4.25
Nissin,Top Ramen Short Cuts Chicken,Pack,USA,4
Nissin,Top Ramen Cucharealo Tomato Chicken,Pack,USA,3.5
Nongshim,Doong Ji Cold Noodle Chilled Broth,Pack,South Korea,4.25
Nissin,Top Ramen Short Cuts Beef,Pack,USA,3.5
Nongshim,Chapagetti (South Korean),Pack,South Korea,4
Nissin,Top Ramen Cucharealo Picante Chicken,Pack,USA,4.5
Indomie,Mi Goreng Kriuuk Pedas,Pack,Indonesia,3.75
Paldo,Kko Kko Myun King Cup,Bowl,South Korea,4.75
Paldo,Seolleongtangmyeon,Pack,South Korea,3.5
Paldo,Rabokki,Pack,South Korea,4.75
Paldo,Namja,Pack,South Korea,5
Paldo,Shoyu,Cup,Japan,3.25
Paldo,Bibim Men Cucumber,Pack,South Korea,5
Paldo,Kokomen Spicy Chicken,Pack,South Korea,5
Paldo,Speed King Bowl (Prototype),Bowl,South Korea,3.5
Maruchan,Tempura Soba,Pack,Japan,4
Vina Acecook,Oh! Ricey Phnom Penh Rice Noodle,Pack,Vietnam,3.75
Indomie,Beef,Pack,Indonesia,3.5
Nongshim,Neoguri Mild (South Korea),Pack,South Korea,4
Nongshim,Bowl Noodle Savory Chicken (New),Bowl,USA,4.25
Vina Acecook,Kingcook Vegetable,Pack,Vietnam,3
Nongshim,Bowl Noodle Spicy Chicken (New),Bowl,USA,4.5
Nissin,Cup Noodles Salsa Picante Chicken,Cup,USA,3
Nongshim,Bowl Noodle Savory Shrimp (New),Bowl,USA,3.25
Vina Acecook,Kingcook Beef,Pack,Vietnam,3
Ottogi,Jin Ramen (Mild) (Import),Pack,South Korea,3.5
Indomie,Mi Goreng Kriuuk Ayam,Pack,Indonesia,3.75
Indomie,Rasa Sup Sayuran Vegan,Pack,Indonesia,2.25
Nongshim,Bowl Noodle Hot & Spicy Beef (New),Pack,USA,3.5
Nissin,Cup Noodles Shrimp Picante Style,Cup,USA,3.25
Nissin,Big Cup Noodles Roast Chicken,Cup,USA,3.25
Nongshim,Bowl Noodle Savory Lobster (New),Bowl,USA,3.75
Indomie,Mi Goreng Vegan,Pack,Indonesia,4.25
Nongshim,Udon ,Bowl,South Korea,4.25
Nongshim,Ansungtangmyun (US Version),Pack,USA,3.75
Nongshim,Soba,Pack,South Korea,4.25
Nongshim,Bowl Noodle Savory Tempura Udon,Bowl,USA,3.5
Nongshim,Shin Ramyun Black Onion,Cup,South Korea,5
Nongshim,Bowl Noodle Spicy Kimchi (New),Bowl,USA,3.75
Nissin,Spoon-it Chicken,Pack,USA,3.5
Nongshim,Jinjja Jinjja,Pack,South Korea,5
Indomie,Mi Goreng Sate (Local),Pack,Indonesia,5
Nissin,U.F.O. Yakiosoba,Bowl,Japan,3.75
Maruchan,Yakisoba Spicy Vegetable,Tray,USA,3.25
Ottogi,Odongtong Myon Seafood,Bowl,South Korea,2.75
Indomie,Mi Goreng Rasa Ayam Panggang Jumbo (Local),Pack,Indonesia,5
Indomie,Rasa Soto Betawi,Pack,Indonesia,4.5
Indomie,Curly Noodle With Chicken Chilli Paddi,Pack,Indonesia,4.25
Indomie,Rasa Mi Kocok Bandung,Pack,Indonesia,3.25
Indomie,Rasa Soto Banjar Limau Kulit,Pack,Indonesia,5
Indomie,Mi Goreng Jumbo Beef,Pack,Indonesia,5
Indomie,Rasa Kari Ayam Medan,Pack,Indonesia,5
Indomie,Rasa Empal Gentong,Pack,Indonesia,4
Indomie,Mi Goreng Cakalang,Pack,Indonesia,4
Indomie,Mi Goreng Instant Cup Noodles,Cup,Indonesia,5
Indomie,Curly Noodle With Laksa Chilli,Pack,Indonesia,3.5
Indomie,Mi Goreng Barbecue Chicken,Pack,Indonesia,5
Nongshim,Bowl Noodle Savory Beef,Bowl,USA,4
Nissin,Spoon-it Beef,Pack,USA,3.25
Ottogi,Kiss Myon,Pack,South Korea,3.75
Nissin,Ramen Bowl Spicy Chicken,Bowl,USA,3.25
Indomie,Mi Goreng Rendang (Import),Pack,Indonesia,5
Nissin,Spoon-it Creamy Chicken,Pack,USA,4
Nongshim,Hearty Rice Noodle Beef,Pack,South Korea,4.25
Nissin,Chow Mein Spicy Chicken,Tray,USA,3.25
Nissin,Chow Mein Chinese Chicken Vegetable,Tray,USA,4
Nissin,Spoon-it Rich Hearty Beef Stew,Pack,USA,3.5
Nissin,Demae Ramen Black Garlic Oil Tonkotsu,Pack,Japan,4.5
Nissin,Big Cup Noodles Lime Chili Shrimp,Cup,USA,4
Nissin,Chikin Ramen (Local),Pack,Japan,5
Nissin,Cup Noodles Salsa Picante Shrimp,Cup,USA,3.5
Nissin,Chow Mein Orange Chicken,Tray,USA,4
Nissin,Spoon-it Rich Hearty Savory Chicken,Pack,USA,3.25
Nissin,Big Cup Noodles Spicy Chicken,Cup,USA,3.5
Vina Acecook,Kingcook Chicken,Pack,Vietnam,3.5
Maruchan,Yakisoba Savory Soy Sauce,Tray,USA,3.75
Nissin,Cup Noodles Xo Sauce Seafood,Cup,Hong Kong,3.75
Indomie,Rasa Sup Buntut Oxtail Soup,Pack,Indonesia,2.75
Nongshim,Udon Garlic Teriyaki,Pack,South Korea,4.75
Indomie,Instant Cup Noodles Mi Goreng Satay,Cup,Indonesia,4.25
Nongshim,Hearty Rice Noodle Black Bean Vegetable,Pack,South Korea,3.75
Vina Acecook,Kingcook Shrimp,Pack,Vietnam,2.75
Nongshim,Shin Ramyun Shrimp,Pack,China,4.5
Indomie,Spicy Coconut Shrimp,Pack,Indonesia,4.75
Paldo,Kko Kko Myun,Pack,South Korea,5
Nissin,Gozen Tempura,Bowl,Japan,4
Nissin,Ramen Bowl Kimchi,Bowl,USA,3
Mama,Moo Nam Tok Rice Vermicelli,Pack,Thailand,3.25
Paldo,Jjajangmen Black Bean,Pack,South Korea,4
Nissin,Ramen Bowl Spicy Shrimp,Bowl,USA,3
Paldo,Hwa King Cup,Cup,South Korea,3.5
Nissin,Ramen Bowl Hot & Spicy,Bowl,USA,3.75
Nongshim,Seafood Ramyun,Pack,South Korea,3.75
Nongshim,Oolongmen Artificial Chicken,Cup,South Korea,3.75
Vina Acecook,Hao Hao Shrimp Onion,Pack,Vietnam,3
Nissin,Gozen Kitsune Udon,Bowl,Japan,5
Ottogi,Buckwheat Bibim Ramyon,Pack,South Korea,1.1
Ottogi,Yeul Hot Taste,Bowl,South Korea,3.5
Ottogi,Jin Ramen Big Bowl (Hot),Bowl,South Korea,3.5
Nissin,Demae Iccho Sesame Oil Chicken Macaroni,Pack,Japan,3.75
Maruchan,Yakisoba Spicy Chicken,Tray,USA,1.75
Nongshim,Oolongmen Artificial Seafood,Cup,South Korea,3.5
Maruchan,Ramen Noodle Soup Beef,Pack,USA,3.25
Nongshim,Chapagetti Chajang,Pack,South Korea,4
Mama,Chand Clear Soup,Bowl,Thailand,3.5
Nongshim,Shin Ramyun Black,Pack,South Korea,4.75
Maruchan,Yakisoba Tomato Basil,Tray,USA,3
Paldo,Gomtang,Cup,South Korea,4
Myojo,Ippeichan Soy Sauce,Bowl,Japan,4
Nissin,Taisho Fried Noodle Yakisoba,Pack,Japan,4.25
Nissin,Top Ramen Chicken,Pack,USA,3.25
Nissin,Demae Ramen Chicken,Pack,Japan,3
Mama,Pad Kee Mao Drunken,Pack,Thailand,2
Ottogi,Yeul Ramyun,Pack,South Korea,4.25
Mama,Pho Ga,Pack,Thailand,3.1
Paldo,Gomtang,Pack,South Korea,4.75
Nissin,Cup Noodles Spicy Seafood,Cup,Hong Kong,3.75
Paldo,Big Bowl Noodle,Bowl,South Korea,3.75
Nongshim,Oolongmen Beef,Cup,South Korea,2.5
Nongshim,Neoguri Mild,Pack,South Korea,3.25
Nissin,Demae Iccho Seafood & Abalone Macaroni,Pack,Japan,4
Maruchan,Yakisoba Shrimp,Tray,USA,2.75
Ottogi,Jin Ramen (Mild),Pack,South Korea,3.25
Ottogi,Hot & Spicy Ramen,Cup,South Korea,3
Ottogi,Bekse Curry Myon,Cup,South Korea,4.25
Nongshim,Potato Noodle Soup,Pack,South Korea,3.75
Myojo,Ramen-Desse Miso Soybean Paste,Bowl,Japan,4.5
Maruchan,Ramen Noodle Soup Chicken Mushroom,Pack,USA,3.25
Paldo,Snack Noodle slightly Hot,Pack,South Korea,3.75
Nissin,Souper Meal Picante Shrimp Hot Spicy,Bowl,USA,2.75
Mama,Vegetable,Pack,Thailand,3.25
Ottogi,Ppushu Ppushu Barbecue,Pack,South Korea,3
Nissin,Top Ramen Shrimp,Pack,USA,3.5
Nongshim,Bowl Noodle Savory Chicken,Bowl,USA,3.25
Myojo,Hyoubanya No Chukasoba Soy Sauce,Pack,Japan,4
Myojo,Ippeichan Soybean Paste,Bowl,Japan,4
Ottogi,Ppushu Ppushu Tteobokki,Pack,South Korea,3.25
Nongshim,Kalguksoo,Pack,South Korea,4.5
Ottogi,Spice Seafood,Pack,South Korea,3.75
Maruchan,Instant Lunch Hot spicy Beef,Cup,USA,2.75
Nongshim,Big Bowl Spicy Kimchi,Bowl,South Korea,3.25
Myojo,Kakesoba Desse Soy Sauce,Bowl,Japan,2.75
Myojo,Ramen Desse Shio,Bowl,Japan,4.25
Maruchan,Midori No Tanuki,Bowl,Japan,4.125
Ottogi,Snack Ramyon,Cup,South Korea,3.5
Vina Acecook,Hao Hao Sate Onion,Pack,Vietnam,3.75
Maruchan,Instant Lunch Lime Flavor with Shrimp,Cup,USA,2.25
Myojo,Suudon Desse Soy Sauce,Bowl,Japan,4.25
Nissin,Cup Noodles Seafood Curry,Cup,Hong Kong,4.25
Paldo,Spicy Seafood,Cup,South Korea,3.75
Paldo,Bowl Noodle Beef With Vegetables,Bowl,South Korea,3.75
Vina Acecook,Bestcook Hot spicy Tom Yum Shrimp,Bowl,Vietnam,4.25
Ottogi,Jin Ramen (Mild),Cup,South Korea,3
Paldo,Hwa Cup Hot Spicy,Cup,South Korea,3.5
Nissin,Yakisoba Noodles Karashi,Tray,Japan,5
Myojo,Hyoubanya No Chukasoba Oriental,Pack,Japan,4.25
Mama,Vegetarian Tom Yum,Pack,Thailand,2.75
Maruchan,Instant Lunch Cheddar Cheese,Cup,USA,2.75
Nissin,Bowl Noodles Rich & Savory Beef,Bowl,USA,3.75
Nissin,Demae Iccho Tom Yam Goong Macaroni,Pack,Japan,4
Nissin,Chow Mein Thai Peanut,Tray,USA,2.5
Nissin,Cup Noodles Chicken Vegetable,Cup,USA,2.75
Nissin,Chow Noodles Alfredo,Tray,USA,3.75
Nissin,Cup Noodles Prawn,Cup,Singapore,3.25
Nissin,Demae Iccho Tonkotsu Macaroni,Pack,Japan,3.5
Vina Acecook,Daily Hot & Sour With Shrimp,Pack,Vietnam,4.5
Nissin,Cup Noodles Hearty Chicken,Cup,USA,2.5
Nissin,Bowl Noodles Hot & Spicy Beef,Bowl,USA,3.75
Maruchan,Ramen Noodle Soup Roast Beef,Pack,USA,2.75
Nongshim,Noodle Lite 275 Udon Mushroom,Bowl,South Korea,2.5
Maruchan,Instant Lunch Chicken 35% Less Sodium,Cup,USA,3
Nissin,Top Ramen Chili,Pack,USA,3.25
Maruchan,Ramen Noodle Soup Chili,Pack,USA,2.75
Nissin,Top Ramen Picante Beef,Pack,USA,3
Nissin,Souper Meal Tomato Garlic Shrimp,Bowl,USA,3.5
Ottogi,Ramen Bokki,Bowl,South Korea,3.25
Paldo,Bowl Noodle Kimchi,Bowl,South Korea,3.5
Paldo,Bowl Noodle Spicy Artificial Chicken,Bowl,South Korea,3.125
Myojo,Charumera Shoyu,Pack,Japan,3.5
Paldo,Stirfried Kimchi,Pack,South Korea,3.75
Nongshim,Shin Big Bowl,Bowl,South Korea,3.5
Vina Acecook,Daily Vegetarian,Pack,Vietnam,3.75
Nissin,Big Cup Noodles Chicken,Cup,USA,2.25
Maruchan,Ramen Noodle Soup Creamy Chicken,Pack,USA,5
Nissin,Big Cup Noodles Beef,Cup,USA,2.125
Nissin,Big Cup Noodles Shrimp,Cup,USA,2.25
Nongshim,Champong Oriental Noodles,Cup,South Korea,3.75
Nongshim,Big Bowl Udon,Bowl,South Korea,4.5
Nongshim,Big Bowl Spicy Shrimp,Bowl,South Korea,3.5
Ottogi,Jin Ramen (Hot),Cup,South Korea,3.5
Maruchan,Ramen Noodle Soup Spicy Picante Chicken,Pack,USA,4
Maruchan,Ramen Noodle Soup Oriental,Pack,USA,3.75
Maruchan,Yakisoba Cheddar Cheese,Tray,USA,4
Paldo,Dosirac Mushroom,Tray,South Korea,2.5
Paldo,Dosirac Shrimp,Tray,South Korea,4.25
Paldo,Dosirac Beef,Tray,South Korea,3.75
Mama,Pho Bo Rice Noodle Artificial Beef,Bowl,Thailand,3.5
Paldo,Dosirac Artificial Chicken,Tray,South Korea,3.25
Nongshim,Hearty Rice Noodle Spicy Veggie Consomme,Pack,South Korea,2.75
Nissin,Cup Noodles Crab,Cup,Hong Kong,3.25
Paldo,South Korean Seafood,Pack,South Korea,3.75
Paldo,South Korean U Dong,Pack,South Korea,3.75
Nongshim,Shin Bowl,Bowl,South Korea,3
Paldo,South Korean Broad Noodle,Pack,South Korea,2
Paldo,King Cup Lobster,Cup,South Korea,3.75
Myojo,Hyoubanya No Yakisoba Oriental,Tray,Japan,4
Nissin,Cup Noodles Seafood,Cup,Hong Kong,4.5
Paldo,King Cup Kimchi Pot Stew,Cup,South Korea,4
Mama,Oriental Kitchen Hot Spicy,Cup,Thailand,3
Vina Acecook,Oh! Ricey Beef Rice Noodles,Pack,Vietnam,4
Mama,Cup Shrimp Tom Yum Flavor,Cup,Thailand,3.75
Vina Acecook,Mi Lau Thai Artificial Chicken,Pack,Vietnam,3.5
Paldo,South Korean Noodle Kimchi Flavor,Pack,South Korea,3.5
Paldo,Spicy Shrimp Bowl,Bowl,South Korea,3.5
Nissin,Cup Noodles Spicy Chile Chicken,Cup,USA,3.5
Mama,Pork,Cup,Thailand,2
Vina Acecook,Mi Lau Thai Shrimp,Pack,Vietnam,4
Nissin,Cup Noodles Chicken,Cup,USA,3.5
Vina Acecook,Hao Hao Sour Hot Shrimp,Pack,Vietnam,3.75
Nissin,Chow Mein Kung Pao Chicken,Tray,USA,1.5
Vina Acecook,Daily Beef Ball,Pack,Vietnam,3.75
Vina Acecook,Oh! Ricey Chicken,Pack,Vietnam,3.75
Nissin,Bowl Noodles Hot & Spicy Shrimp,Bowl,USA,3.5
Vina Acecook,Mi Lau Thai Seafood,Pack,Vietnam,4
Nissin,Cup Noodles Beef,Cup,USA,3.5
Nissin,Cup Noodles Shrimp,Cup,USA,3.5
Mama,Oriental Kitchen Spicy Seafood,Cup,Thailand,3.75
Vina Acecook,Daily Hot & Spicy Tom Yun,Pack,Vietnam,4
Nongshim,Bowl Noodle Spicy Seafood,Bowl,USA,4.25
Myojo,Udon Mushroom,Pack,Japan,3
Mama,Artificial Pork Jumbo,Pack,Thailand,3
Nissin,Karashi Mayo Yakisoba,Tray,Japan,4.75
Myojo,Udon Hot & Spicy,Pack,Japan,4.5
Ottogi,Ppushu Ppushu Sweet & Sour,Pack,South Korea,1.75
Nissin,Chow Noodles Tomato Basil,Bowl,USA,4
Myojo,Udon Shrimp,Pack,Japan,3.75
Indomie,Mi Goreng Jumbo Beef,Pack,Indonesia,5
Indomie,Onion Chicken,Pack,Indonesia,4.5
Myojo,Udon Chicken,Pack,Japan,3.75
Nissin,Chow Noodles Cheddar Cheese,Tray,USA,4
Ottogi,Snack Ramyon,Pack,South Korea,3.75
Mama,Instant Bowl Noodles Artificial Pork,Bowl,Thailand,2.75
Myojo,Udon Crab,Pack,Japan,3
Nissin,Top Ramen Beef,Pack,USA,3.75
Maruchan,Yakisoba Sweet & Sour Chicken,Tray,USA,3
Maruchan,Instant Lunch Roast Chicken Flavor,Cup,USA,2.75
Maruchan,Yakisoba Chicken,Tray,USA,2
Maruchan,Yakisoba Teriyaki Beef,Tray,USA,2
Nongshim,Bowl Noodle Spicy Artificial Lobster,Bowl,USA,4
Maruchan,Yakisoba Roast chicken,Tray,USA,3.75
Vina Acecook,Kingcook Tomato Sauce Pork,Tray,Vietnam,3.5
Nissin,Souper Meal Beef Flavor Minestrone,Bowl,USA,3
Nongshim,Bowl Noodle Spicy Shrimp,Bowl,USA,2.5
Nongshim,Bowl Noodle Hot & Spicy,Bowl,USA,2
Nongshim,Bowl Noodle Cabbage Kimchi,Bowl,USA,3.25
Nongshim,Bowl Noodle Beef Ginger,Bowl,USA,3.5
Nongshim,Bowl Noodle Spicy Chicken,Bowl,USA,4.5
Nissin,Cup Noodles Pani Puri,Cup,India,1.5
Myojo,Chukazanmai Served Cool Sesame Flavored Rice Vinegar Sesame,Pack,Japan,3
Paldo,Soy Flavor Noodle,Pack,South Korea,4.25
Nissin,Cup Noodles Manchurian,Cup,India,3
Nongshim,Udon,Pack,South Korea,4
Paldo,Hwa Ramyun Soy Peptide,Pack,South Korea,4
Paldo,Teumsae Ramyun,Pack,South Korea,3.5
Myojo,Chukazanmai Soy Sauce,Pack,Japan,3.75
Nissin,Bowl Noodles Hot & Spicy Chicken,Bowl,USA,2
Myojo,Chukazanmai Soy Sauce chili Oil,Pack,Japan,3.25
Myojo,Hyobanya No Yakisoba Sauce Flavor,Tray,Japan,4.75
Mama,Kimchi,Pack,Thailand,3
Mama,Oriental Style Clear Soup,Pack,Thailand,2
Paldo,Dosirac Pork,Tray,South Korea,4.125
Mama,Flat Noodle Tom Yum,Pack,Thailand,3.75
Myojo,Chukazanmai Soybean Paste,Pack,Japan,3.5
Myojo,Chukazanmai Oriental,Pack,Japan,3.75
Paldo,Green Tea Chlorella,Pack,South Korea,0
Myojo,Ramen Desse Soy Sauce,Bowl,Japan,1.5
Mama,Hot & Spicy,Pack,Thailand,1.75
Mama,Jok Cup Porridge Artificial Pork,Cup,Thailand,2.5
Nissin,Sotanghon,Cup,Philippines,2
Maruchan,Instant Lunch Cajun Style With chili Piquin Shrimp,Cup,USA,3
Nissin,Creamy Chicken,Cup,USA,1.75
Maruchan,Akai Kitsune Udon,Bowl,Japan,4
Myojo,Okinawa Soba,Pack,Japan,3.75
Mama,Pho Bo,Pack,Thailand,2.5
Nongshim,Kimchi Ramyun,Pack,South Korea,3.5
Mama,Mamy Chand Clear Soup,Pack,Thailand,2.75
Nissin,Chow Mein Teriyaki Beef,Tray,USA,4.5
Mama,Mi Goreng,Pack,Thailand,5
Nissin,Bowl Noodles Rich & Savory Chicken,Bowl,USA,1.75
Mama,Shrimp Creamy Tom Yum,Pack,Thailand,5
Nongshim,Mupama Tang Myun,Pack,South Korea,3.5
Mama,Artificial PA-LO Duck,Pack,Thailand,0.1
Mama,Tom Yam Koong Rice Vermicelli,Pack,Thailand,1.5
Nissin,Yakisoba With Mayonnaise/Mustard Packet,Tray,Japan,5
Ottogi,Bekse Curry,Pack,South Korea,4
Paldo,Bibim Men,Pack,South Korea,3.75
Ottogi,Ramyonsari,Pack,South Korea,4
Mama,Nam Vang,Pack,Thailand,3.6
Ottogi,Miso Ramyun,Pack,South Korea,2.8
Nongshim,Hooroorook ,Pack,South Korea,4
Ottogi,Jiajang Noodle,Pack,South Korea,3.75
Ottogi,Odongtongmyon Seafood Spicy,Pack,South Korea,3.25
Mama,Pad Thai,Pack,Thailand,3.1
Ottogi,Pow Crunch Teriyaki,Pack,South Korea,1.1
Indomie,Special Fried Curly Noodle,Pack,Indonesia,5
Maruchan,Ramen Noodle Soup Chicken,Pack,USA,2
Indomie,Soto Mie,Pack,Indonesia,1.5
Mama,Artificial Chicken,Pack,Thailand,2.5
Paldo,South Korean Noodle Chicken,Pack,South Korea,3.25
Nissin,Demae Ramen Sesame,Pack,Japan,3.75
Nissin,Demae Ramen Spicy Flavor,Pack,Japan,2
Nissin,Demae Ramen Miso,Pack,Japan,2.75
Nissin,Demae Ramen Seafood,Pack,Japan,2.5
Nissin,Demae Ramen Prawn,Pack,Japan,3.25
Indomie,Meatball Flavor,Pack,Indonesia,2.5
Indomie,Mi Goreng Rendang,Pack,Indonesia,4.5
Nissin,Demae Ramen Shoyu,Pack,Japan,4
Nissin,Demae Ramen Five Spices Artificial Beef,Pack,Japan,3.5
Nissin,Demae Ramen Tonkatsu Artificial Pork,Pack,Japan,3.5
Nissin,Demae Ramen Satay,Pack,Japan,2.5
Nissin,Demae Ramen XO Sauce Seafood,Pack,Japan,4
Maruchan,Ramen Noodle Soup Lime Chili Shrimp,Pack,USA,2
Maruchan,Ramen Noodle Soup Pork,Pack,USA,4
Nissin,Top Ramen Oriental,Pack,USA,2.5
Nissin,Souper Meal Chicken Flavor With Vegetable Medley,Bowl,Japan,3
Indomie,Chicken,Cup,Indonesia,2
Indomie,Chicken Curry,Pack,Indonesia,4
Indomie,Curly Noodles With Grilled Chicken,Pack,Indonesia,5
Indomie,Mi Goreng,Pack,Indonesia,5
Indomie,Mi Goreng Pedas Hot,Pack,Indonesia,4.5
Indomie,Shrimp Flavor,Pack,Indonesia,3
Indomie,Mi Goreng Jumbo Barbecue Chicken,Pack,Indonesia,5
Indomie,Mi Goreng Jumbo Meatball,Pack,Indonesia,3
Indomie,Mi Goreng Sate,Pack,Indonesia,5
Indomie,Special Chicken,Pack,Indonesia,4.25
Mama,Chand Clear Soup,Pack,Thailand,3
Maruchan,Ramen Noodle Soup Shrimp,Pack,USA,2
Myojo,Ippeichan Yakisoba,Tray,Japan,4
Myojo,Special Duck,Pack,Japan,1
Nissin,Chikin Ramen,Pack,Japan,5
Nissin,Demae Ramen Curry Flavor,Pack,Japan,4
Nissin,Soba Noodles With Mayo Mustard Squirt,Pack,Japan,4
Nissin,Demae Ramen Spicy Flavor,Pack,Japan,3
Nissin,Demae Ramen Spicy Seafood With Chili Pepper,Pack,Japan,2
Nissin,Top Ramen Creamy Chicken,Pack,USA,4.5
Nongshim,Ansungtangmyun Noodle Soup,Pack,South Korea,3.75
Nongshim,Champong Oriental Noodles,Pack,South Korea,4
Nongshim,Neoguri (Seafood'n'Spicy),Pack,South Korea,3.5
Nongshim,Shin Ramyun,Pack,South Korea,4
Ottogi,Jin Ramen (Hot Taste),Pack,South Korea,3.5
